http://dbmi-icode-01.dbmi.pitt.edu/mp/ddi-spl-annotation-claim-1,increases_auc,http://purl.obolibrary.org/obo/CHEBI_101278,http://purl.obolibrary.org/obo/CHEBI_9674
http://dbmi-icode-01.dbmi.pitt.edu/mp/ddi-spl-annotation-claim-2,increases_auc,http://purl.obolibrary.org/obo/CHEBI_48339,http://purl.obolibrary.org/obo/CHEBI_9150
http://dbmi-icode-01.dbmi.pitt.edu/mp/ddi-spl-annotation-claim-3,increases_auc,http://purl.obolibrary.org/obo/CHEBI_3732,http://purl.obolibrary.org/obo/CHEBI_9674
http://dbmi-icode-01.dbmi.pitt.edu/mp/ddi-spl-annotation-claim-4,increases_auc,http://purl.obolibrary.org/obo/CHEBI_48339,http://purl.obolibrary.org/obo/CHEBI_6931
http://dbmi-icode-01.dbmi.pitt.edu/mp/ddi-spl-annotation-claim-5,increases_auc,http://purl.obolibrary.org/obo/CHEBI_5138,http://purl.obolibrary.org/obo/CHEBI_27999
http://dbmi-icode-01.dbmi.pitt.edu/mp/ddi-spl-annotation-claim-6,increases_auc,http://purl.obolibrary.org/obo/CHEBI_48339,http://purl.obolibrary.org/obo/CHEBI_83527
http://dbmi-icode-01.dbmi.pitt.edu/mp/ddi-spl-annotation-claim-7,increases_auc,http://purl.obolibrary.org/obo/CHEBI_3732,http://purl.obolibrary.org/obo/CHEBI_2910
http://dbmi-icode-01.dbmi.pitt.edu/mp/ddi-spl-annotation-claim-8,increases_auc,http://purl.obolibrary.org/obo/CHEBI_7494,http://purl.obolibrary.org/obo/CHEBI_2611
http://dbmi-icode-01.dbmi.pitt.edu/mp/ddi-spl-annotation-claim-9,increases_auc,http://purl.obolibrary.org/obo/CHEBI_46081,http://purl.obolibrary.org/obo/CHEBI_9674
http://dbmi-icode-01.dbmi.pitt.edu/mp/ddi-spl-annotation-claim-10,increases_auc,http://purl.obolibrary.org/obo/CHEBI_7936,http://purl.obolibrary.org/obo/CHEBI_8871
http://dbmi-icode-01.dbmi.pitt.edu/mp/ddi-spl-annotation-claim-11,increases_auc,http://purl.obolibrary.org/obo/CHEBI_3732,http://purl.obolibrary.org/obo/CHEBI_6931
http://dbmi-icode-01.dbmi.pitt.edu/mp/ddi-spl-annotation-claim-12,increases_auc,http://purl.obolibrary.org/obo/CHEBI_6076,http://purl.obolibrary.org/obo/CHEBI_6931
http://dbmi-icode-01.dbmi.pitt.edu/mp/ddi-spl-annotation-claim-13,increases_auc,http://purl.obolibrary.org/obo/CHEBI_6076,http://purl.obolibrary.org/obo/CHEBI_40303
http://dbmi-icode-01.dbmi.pitt.edu/mp/ddi-spl-annotation-claim-14,increases_auc,http://purl.obolibrary.org/obo/CHEBI_5118,http://purl.obolibrary.org/obo/CHEBI_2611
http://dbmi-icode-01.dbmi.pitt.edu/mp/ddi-spl-annotation-claim-15,increases_auc,http://purl.obolibrary.org/obo/CHEBI_9943,http://purl.obolibrary.org/obo/CHEBI_8871
http://dbmi-icode-01.dbmi.pitt.edu/mp/ddi-spl-annotation-claim-16,increases_auc,http://purl.obolibrary.org/obo/CHEBI_6076,http://purl.obolibrary.org/obo/CHEBI_2910
http://dbmi-icode-01.dbmi.pitt.edu/mp/ddi-spl-annotation-claim-17,increases_auc,http://purl.obolibrary.org/obo/CHEBI_3699,http://purl.obolibrary.org/obo/CHEBI_3723
http://dbmi-icode-01.dbmi.pitt.edu/mp/ddi-spl-annotation-claim-18,increases_auc,http://purl.obolibrary.org/obo/CHEBI_7494,http://purl.obolibrary.org/obo/CHEBI_9674
http://dbmi-icode-01.dbmi.pitt.edu/mp/ddi-spl-annotation-claim-19,increases_auc,http://purl.obolibrary.org/obo/CHEBI_3699,http://purl.obolibrary.org/obo/CHEBI_36791
http://dbmi-icode-01.dbmi.pitt.edu/mp/ddi-spl-annotation-claim-20,increases_auc,http://purl.obolibrary.org/obo/CHEBI_3699,http://purl.obolibrary.org/obo/CHEBI_28177
http://dbmi-icode-01.dbmi.pitt.edu/mp/ddi-spl-annotation-claim-21,increases_auc,http://purl.obolibrary.org/obo/CHEBI_46081,http://purl.obolibrary.org/obo/CHEBI_6931
http://dbmi-icode-01.dbmi.pitt.edu/mp/ddi-spl-annotation-claim-22,increases_auc,http://purl.obolibrary.org/obo/CHEBI_36795,http://purl.obolibrary.org/obo/CHEBI_28177
http://dbmi-icode-01.dbmi.pitt.edu/mp/ddi-spl-annotation-claim-23,increases_auc,http://purl.obolibrary.org/obo/CHEBI_7772,http://purl.obolibrary.org/obo/CHEBI_36791
http://dbmi-icode-01.dbmi.pitt.edu/mp/ddi-spl-annotation-claim-24,increases_auc,http://purl.obolibrary.org/obo/CHEBI_9943,http://purl.obolibrary.org/obo/CHEBI_5613
http://dbmi-icode-01.dbmi.pitt.edu/mp/ddi-spl-annotation-claim-25,increases_auc,http://purl.obolibrary.org/obo/CHEBI_48339,http://purl.obolibrary.org/obo/CHEBI_10125
http://dbmi-icode-01.dbmi.pitt.edu/mp/ddi-spl-annotation-claim-26,increases_auc,http://purl.obolibrary.org/obo/CHEBI_5118,http://purl.obolibrary.org/obo/CHEBI_63619
http://dbmi-icode-01.dbmi.pitt.edu/mp/ddi-spl-annotation-claim-27,increases_auc,http://purl.obolibrary.org/obo/CHEBI_48923,http://purl.obolibrary.org/obo/CHEBI_9674
http://dbmi-icode-01.dbmi.pitt.edu/mp/ddi-spl-annotation-claim-28,increases_auc,http://purl.obolibrary.org/obo/CHEBI_46081,http://purl.obolibrary.org/obo/CHEBI_5136
http://dbmi-icode-01.dbmi.pitt.edu/mp/ddi-spl-annotation-claim-29,increases_auc,http://purl.obolibrary.org/obo/CHEBI_7936,http://purl.obolibrary.org/obo/CHEBI_6950
http://dbmi-icode-01.dbmi.pitt.edu/mp/ddi-spl-annotation-claim-30,increases_auc,http://purl.obolibrary.org/obo/CHEBI_3699,http://purl.obolibrary.org/obo/CHEBI_10119
http://dbmi-icode-01.dbmi.pitt.edu/mp/ddi-spl-annotation-claim-31,increases_auc,http://purl.obolibrary.org/obo/CHEBI_5138,http://purl.obolibrary.org/obo/CHEBI_6375
http://dbmi-icode-01.dbmi.pitt.edu/mp/ddi-spl-annotation-claim-32,increases_auc,http://purl.obolibrary.org/obo/CHEBI_37941,http://purl.obolibrary.org/obo/CHEBI_3219
http://dbmi-icode-01.dbmi.pitt.edu/mp/ddi-spl-annotation-claim-33,increases_auc,http://purl.obolibrary.org/obo/CHEBI_48339,http://purl.obolibrary.org/obo/CHEBI_9943
http://dbmi-icode-01.dbmi.pitt.edu/mp/ddi-spl-annotation-claim-34,increases_auc,http://purl.obolibrary.org/obo/CHEBI_5118,http://purl.obolibrary.org/obo/CHEBI_47781
http://dbmi-icode-01.dbmi.pitt.edu/mp/ddi-spl-annotation-claim-35,increases_auc,http://purl.obolibrary.org/obo/CHEBI_48339,http://purl.obolibrary.org/obo/CHEBI_9674
http://dbmi-icode-01.dbmi.pitt.edu/mp/ddi-spl-annotation-claim-36,increases_auc,http://purl.obolibrary.org/obo/CHEBI_7936,http://purl.obolibrary.org/obo/CHEBI_82978
http://dbmi-icode-01.dbmi.pitt.edu/mp/ddi-spl-annotation-claim-37,increases_auc,http://purl.obolibrary.org/obo/CHEBI_7494,http://purl.obolibrary.org/obo/CHEBI_6931
http://dbmi-icode-01.dbmi.pitt.edu/mp/ddi-spl-annotation-claim-38,increases_auc,http://purl.obolibrary.org/obo/CHEBI_3699,http://purl.obolibrary.org/obo/CHEBI_8707
http://dbmi-icode-01.dbmi.pitt.edu/mp/ddi-spl-annotation-claim-39,increases_auc,http://purl.obolibrary.org/obo/CHEBI_101278,http://purl.obolibrary.org/obo/CHEBI_9150
http://dbmi-icode-01.dbmi.pitt.edu/mp/ddi-spl-annotation-claim-40,increases_auc,http://purl.obolibrary.org/obo/CHEBI_3699,http://purl.obolibrary.org/obo/CHEBI_6950
http://dbmi-icode-01.dbmi.pitt.edu/mp/ddi-spl-annotation-claim-41,increases_auc,http://purl.obolibrary.org/obo/CHEBI_5138,http://purl.obolibrary.org/obo/CHEBI_36795
http://dbmi-icode-01.dbmi.pitt.edu/mp/ddi-spl-annotation-claim-42,increases_auc,http://purl.obolibrary.org/obo/CHEBI_9448,http://purl.obolibrary.org/obo/CHEBI_9943
http://dbmi-icode-01.dbmi.pitt.edu/mp/ddi-spl-annotation-claim-43,increases_auc,http://purl.obolibrary.org/obo/CHEBI_9448,http://purl.obolibrary.org/obo/CHEBI_7936
http://dbmi-icode-01.dbmi.pitt.edu/mp/ddi-spl-annotation-claim-44,increases_auc,http://purl.obolibrary.org/obo/CHEBI_9123,http://purl.obolibrary.org/obo/CHEBI_47781
http://dbmi-icode-01.dbmi.pitt.edu/mp/ddi-spl-annotation-claim-45,increases_auc,http://purl.obolibrary.org/obo/CHEBI_5138,http://purl.obolibrary.org/obo/CHEBI_6916
http://dbmi-icode-01.dbmi.pitt.edu/mp/ddi-spl-annotation-claim-46,increases_auc,http://purl.obolibrary.org/obo/CHEBI_5138,http://purl.obolibrary.org/obo/CHEBI_7772
http://dbmi-icode-01.dbmi.pitt.edu/mp/ddi-spl-annotation-claim-47,increases_auc,http://purl.obolibrary.org/obo/CHEBI_48923,http://purl.obolibrary.org/obo/CHEBI_6931
http://dbmi-icode-01.dbmi.pitt.edu/mp/ddi-spl-annotation-claim-48,increases_auc,http://purl.obolibrary.org/obo/CHEBI_48923,http://purl.obolibrary.org/obo/CHEBI_2910
http://dbmi-icode-01.dbmi.pitt.edu/mp/ddi-spl-annotation-claim-49,increases_auc,http://purl.obolibrary.org/obo/CHEBI_3732,http://purl.obolibrary.org/obo/CHEBI_6375
http://dbmi-icode-01.dbmi.pitt.edu/mp/ddi-spl-annotation-claim-50,increases_auc,http://purl.obolibrary.org/obo/CHEBI_5138,http://purl.obolibrary.org/obo/CHEBI_3766
http://dbmi-icode-01.dbmi.pitt.edu/mp/ddi-spl-annotation-claim-51,increases_auc,http://purl.obolibrary.org/obo/CHEBI_5138,http://purl.obolibrary.org/obo/CHEBI_9566
http://dbmi-icode-01.dbmi.pitt.edu/mp/ddi-spl-annotation-claim-52,increases_auc,http://purl.obolibrary.org/obo/CHEBI_3732,http://purl.obolibrary.org/obo/CHEBI_9654
http://dbmi-icode-01.dbmi.pitt.edu/mp/ddi-spl-annotation-claim-53,increases_auc,http://purl.obolibrary.org/obo/CHEBI_6076,http://purl.obolibrary.org/obo/CHEBI_38545
http://dbmi-icode-01.dbmi.pitt.edu/mp/ddi-spl-annotation-claim-54,increases_auc,http://purl.obolibrary.org/obo/CHEBI_6076,http://purl.obolibrary.org/obo/CHEBI_2611
http://dbmi-icode-01.dbmi.pitt.edu/mp/ddi-spl-annotation-claim-55,increases_auc,http://purl.obolibrary.org/obo/CHEBI_3732,http://purl.obolibrary.org/obo/CHEBI_63618
http://dbmi-icode-01.dbmi.pitt.edu/mp/ddi-spl-annotation-claim-56,increases_auc,http://purl.obolibrary.org/obo/CHEBI_3699,http://purl.obolibrary.org/obo/CHEBI_9943
http://dbmi-icode-01.dbmi.pitt.edu/mp/ddi-spl-annotation-claim-57,increases_auc,http://purl.obolibrary.org/obo/CHEBI_31236,http://purl.obolibrary.org/obo/CHEBI_36791
http://dbmi-icode-01.dbmi.pitt.edu/mp/ddi-spl-annotation-claim-58,increases_auc,http://purl.obolibrary.org/obo/CHEBI_5138,http://purl.obolibrary.org/obo/CHEBI_28593
http://dbmi-icode-01.dbmi.pitt.edu/mp/ddi-spl-annotation-claim-59,increases_auc,http://purl.obolibrary.org/obo/CHEBI_48339,http://purl.obolibrary.org/obo/CHEBI_2611
http://dbmi-icode-01.dbmi.pitt.edu/mp/ddi-spl-annotation-claim-60,increases_auc,http://purl.obolibrary.org/obo/CHEBI_6076,http://purl.obolibrary.org/obo/CHEBI_63618
http://dbmi-icode-01.dbmi.pitt.edu/mp/ddi-spl-annotation-claim-61,increases_auc,http://purl.obolibrary.org/obo/CHEBI_48923,http://purl.obolibrary.org/obo/CHEBI_2611
http://dbmi-icode-01.dbmi.pitt.edu/mp/ddi-spl-annotation-claim-62,increases_auc,http://purl.obolibrary.org/obo/CHEBI_48923,http://purl.obolibrary.org/obo/CHEBI_9150
http://dbmi-icode-01.dbmi.pitt.edu/mp/ddi-spl-annotation-claim-63,increases_auc,http://purl.obolibrary.org/obo/CHEBI_5118,http://purl.obolibrary.org/obo/CHEBI_7735
http://dbmi-icode-01.dbmi.pitt.edu/mp/ddi-spl-annotation-claim-64,increases_auc,http://purl.obolibrary.org/obo/CHEBI_6076,http://purl.obolibrary.org/obo/CHEBI_9674
http://dbmi-icode-01.dbmi.pitt.edu/mp/ddi-spl-annotation-claim-65,increases_auc,http://purl.obolibrary.org/obo/CHEBI_5138,http://purl.obolibrary.org/obo/CHEBI_28177
http://dbmi-icode-01.dbmi.pitt.edu/mp/ddi-spl-annotation-claim-66,increases_auc,http://purl.obolibrary.org/obo/CHEBI_7936,http://purl.obolibrary.org/obo/CHEBI_47781
http://dbmi-icode-01.dbmi.pitt.edu/mp/ddi-spl-annotation-claim-67,increases_auc,http://purl.obolibrary.org/obo/CHEBI_4636,http://purl.obolibrary.org/obo/CHEBI_9943
http://dbmi-icode-01.dbmi.pitt.edu/mp/ddi-spl-annotation-claim-68,increases_auc,http://purl.obolibrary.org/obo/CHEBI_48923,http://purl.obolibrary.org/obo/CHEBI_8707
http://dbmi-icode-01.dbmi.pitt.edu/mp/ddi-spl-annotation-claim-69,increases_auc,http://purl.obolibrary.org/obo/CHEBI_31236,http://purl.obolibrary.org/obo/CHEBI_9943
http://dbmi-icode-01.dbmi.pitt.edu/mp/ddi-spl-annotation-claim-70,increases_auc,http://purl.obolibrary.org/obo/CHEBI_101278,http://purl.obolibrary.org/obo/CHEBI_6931
http://dbmi-icode-01.dbmi.pitt.edu/mp/ddi-spl-annotation-claim-71,increases_auc,http://purl.obolibrary.org/obo/CHEBI_6076,http://purl.obolibrary.org/obo/CHEBI_10125
http://dbmi-icode-01.dbmi.pitt.edu/mp/ddi-spl-annotation-claim-72,increases_auc,http://purl.obolibrary.org/obo/CHEBI_9948,http://purl.obolibrary.org/obo/CHEBI_8871
http://dbmi-icode-01.dbmi.pitt.edu/mp/ddi-spl-annotation-claim-73,increases_auc,http://purl.obolibrary.org/obo/CHEBI_87715,http://purl.obolibrary.org/obo/CHEBI_3219
http://dbmi-icode-01.dbmi.pitt.edu/mp/ddi-spl-annotation-claim-74,increases_auc,http://purl.obolibrary.org/obo/CHEBI_9588,http://purl.obolibrary.org/obo/CHEBI_3219
http://dbmi-icode-01.dbmi.pitt.edu/mp/ddi-spl-annotation-claim-75,increases_auc,http://purl.obolibrary.org/obo/CHEBI_7936,http://purl.obolibrary.org/obo/CHEBI_36795
http://dbmi-icode-01.dbmi.pitt.edu/mp/ddi-spl-annotation-claim-76,increases_auc,http://purl.obolibrary.org/obo/CHEBI_45409,http://purl.obolibrary.org/obo/CHEBI_9654
http://dbmi-icode-01.dbmi.pitt.edu/mp/ddi-spl-annotation-claim-77,increases_auc,http://purl.obolibrary.org/obo/CHEBI_3699,http://purl.obolibrary.org/obo/CHEBI_7936
http://dbmi-icode-01.dbmi.pitt.edu/mp/ddi-spl-annotation-claim-78,increases_auc,http://purl.obolibrary.org/obo/CHEBI_48339,http://purl.obolibrary.org/obo/CHEBI_2666
http://dbmi-icode-01.dbmi.pitt.edu/mp/ddi-spl-annotation-claim-79,increases_auc,http://purl.obolibrary.org/obo/CHEBI_3699,http://purl.obolibrary.org/obo/CHEBI_2666
http://dbmi-icode-01.dbmi.pitt.edu/mp/ddi-spl-annotation-claim-80,increases_auc,http://purl.obolibrary.org/obo/CHEBI_3699,http://purl.obolibrary.org/obo/CHEBI_4710
http://dbmi-icode-01.dbmi.pitt.edu/mp/ddi-spl-annotation-claim-81,increases_auc,http://purl.obolibrary.org/obo/CHEBI_3699,http://purl.obolibrary.org/obo/CHEBI_5881
http://dbmi-icode-01.dbmi.pitt.edu/mp/ddi-spl-annotation-claim-82,increases_auc,http://purl.obolibrary.org/obo/CHEBI_5118,http://purl.obolibrary.org/obo/CHEBI_5881
http://dbmi-icode-01.dbmi.pitt.edu/mp/ddi-spl-annotation-claim-83,increases_auc,http://purl.obolibrary.org/obo/CHEBI_48339,http://purl.obolibrary.org/obo/CHEBI_5881
http://dbmi-icode-01.dbmi.pitt.edu/mp/ddi-spl-annotation-claim-84,increases_auc,http://purl.obolibrary.org/obo/CHEBI_7936,http://purl.obolibrary.org/obo/CHEBI_5881
http://dbmi-icode-01.dbmi.pitt.edu/mp/ddi-spl-annotation-claim-85,increases_auc,http://purl.obolibrary.org/obo/CHEBI_9948,http://purl.obolibrary.org/obo/CHEBI_5881
http://dbmi-icode-01.dbmi.pitt.edu/mp/ddi-spl-annotation-claim-86,increases_auc,http://purl.obolibrary.org/obo/CHEBI_101278,http://purl.obolibrary.org/obo/CHEBI_5881
http://dbmi-icode-01.dbmi.pitt.edu/mp/ddi-spl-annotation-claim-87,increases_auc,http://purl.obolibrary.org/obo/CHEBI_7936,http://purl.obolibrary.org/obo/CHEBI_7640
http://dbmi-icode-01.dbmi.pitt.edu/mp/ddi-spl-annotation-claim-88,increases_auc,http://purl.obolibrary.org/obo/CHEBI_3699,http://purl.obolibrary.org/obo/CHEBI_9123
http://dbmi-icode-01.dbmi.pitt.edu/mp/ddi-spl-annotation-claim-89,increases_auc,http://purl.obolibrary.org/obo/CHEBI_83527,http://purl.obolibrary.org/obo/CHEBI_47781
http://dbmi-icode-01.dbmi.pitt.edu/mp/ddi-spl-annotation-claim-90,increases_auc,http://purl.obolibrary.org/obo/CHEBI_3723,http://purl.obolibrary.org/obo/CHEBI_47781
http://dbmi-icode-01.dbmi.pitt.edu/mp/ddi-spl-annotation-claim-91,increases_auc,http://purl.obolibrary.org/obo/CHEBI_9943,http://purl.obolibrary.org/obo/CHEBI_5881
http://dbmi-icode-01.dbmi.pitt.edu/mp/ddi-spl-annotation-claim-92,increases_auc,http://purl.obolibrary.org/obo/CHEBI_9943,http://purl.obolibrary.org/obo/CHEBI_47781
http://dbmi-icode-01.dbmi.pitt.edu/mp/ddi-spl-annotation-claim-93,increases_auc,http://purl.obolibrary.org/obo/CHEBI_28593,http://purl.obolibrary.org/obo/CHEBI_9943
http://dbmi-icode-01.dbmi.pitt.edu/mp/ddi-spl-annotation-claim-94,increases_auc,http://purl.obolibrary.org/obo/CHEBI_3219,http://purl.obolibrary.org/obo/CHEBI_47781
http://dbmi-icode-01.dbmi.pitt.edu/mp/ddi-spl-annotation-claim-95,substrate_of,http://purl.obolibrary.org/obo/CHEBI_36792,http://purl.obolibrary.org/obo/PR_000006121
http://dbmi-icode-01.dbmi.pitt.edu/mp/ddi-spl-annotation-claim-96,substrate_of,http://purl.obolibrary.org/obo/CHEBI_10119,http://purl.obolibrary.org/obo/PR_000006118
http://dbmi-icode-01.dbmi.pitt.edu/mp/ddi-spl-annotation-claim-97,substrate_of,http://purl.obolibrary.org/obo/CHEBI_3732,http://purl.obolibrary.org/obo/PR_000006120
http://dbmi-icode-01.dbmi.pitt.edu/mp/ddi-spl-annotation-claim-98,substrate_of,http://purl.obolibrary.org/obo/CHEBI_9150,http://purl.obolibrary.org/obo/PR_000006130
http://dbmi-icode-01.dbmi.pitt.edu/mp/ddi-spl-annotation-claim-99,substrate_of,http://purl.obolibrary.org/obo/CHEBI_7494,http://purl.obolibrary.org/obo/PR_000006121
http://dbmi-icode-01.dbmi.pitt.edu/mp/ddi-spl-annotation-claim-100,substrate_of,http://purl.obolibrary.org/obo/CHEBI_83527,http://purl.obolibrary.org/obo/PR_000006121
http://dbmi-icode-01.dbmi.pitt.edu/mp/ddi-spl-annotation-claim-101,substrate_of,http://purl.obolibrary.org/obo/CHEBI_2910,http://purl.obolibrary.org/obo/PR_000006132
http://dbmi-icode-01.dbmi.pitt.edu/mp/ddi-spl-annotation-claim-102,substrate_of,http://purl.obolibrary.org/obo/CHEBI_2910,http://purl.obolibrary.org/obo/PR_000006130
http://dbmi-icode-01.dbmi.pitt.edu/mp/ddi-spl-annotation-claim-103,substrate_of,http://purl.obolibrary.org/obo/CHEBI_5136,http://purl.obolibrary.org/obo/PR_000006119
http://dbmi-icode-01.dbmi.pitt.edu/mp/ddi-spl-annotation-claim-104,substrate_of,http://purl.obolibrary.org/obo/CHEBI_5136,http://purl.obolibrary.org/obo/PR_000006120
http://dbmi-icode-01.dbmi.pitt.edu/mp/ddi-spl-annotation-claim-105,substrate_of,http://purl.obolibrary.org/obo/CHEBI_31236,http://purl.obolibrary.org/obo/PR_000006102
http://dbmi-icode-01.dbmi.pitt.edu/mp/ddi-spl-annotation-claim-106,substrate_of,http://purl.obolibrary.org/obo/CHEBI_31236,http://purl.obolibrary.org/obo/PR_000006101
http://dbmi-icode-01.dbmi.pitt.edu/mp/ddi-spl-annotation-claim-107,substrate_of,http://purl.obolibrary.org/obo/CHEBI_2910,http://purl.obolibrary.org/obo/PR_000006116
http://dbmi-icode-01.dbmi.pitt.edu/mp/ddi-spl-annotation-claim-108,substrate_of,http://purl.obolibrary.org/obo/CHEBI_10119,http://purl.obolibrary.org/obo/PR_000006102
http://dbmi-icode-01.dbmi.pitt.edu/mp/ddi-spl-annotation-claim-109,substrate_of,http://purl.obolibrary.org/obo/CHEBI_2910,http://purl.obolibrary.org/obo/PR_000006118
http://dbmi-icode-01.dbmi.pitt.edu/mp/ddi-spl-annotation-claim-110,substrate_of,http://purl.obolibrary.org/obo/CHEBI_2611,http://purl.obolibrary.org/obo/PR_000006130
http://dbmi-icode-01.dbmi.pitt.edu/mp/ddi-spl-annotation-claim-111,substrate_of,http://purl.obolibrary.org/obo/CHEBI_2611,http://purl.obolibrary.org/obo/PR_000006132
http://dbmi-icode-01.dbmi.pitt.edu/mp/ddi-spl-annotation-claim-112,substrate_of,http://purl.obolibrary.org/obo/CHEBI_36795,http://purl.obolibrary.org/obo/PR_000006121
http://dbmi-icode-01.dbmi.pitt.edu/mp/ddi-spl-annotation-claim-113,substrate_of,http://purl.obolibrary.org/obo/CHEBI_7494,http://purl.obolibrary.org/obo/PR_000006130
http://dbmi-icode-01.dbmi.pitt.edu/mp/ddi-spl-annotation-claim-114,substrate_of,http://purl.obolibrary.org/obo/CHEBI_36792,http://purl.obolibrary.org/obo/PR_000006118
http://dbmi-icode-01.dbmi.pitt.edu/mp/ddi-spl-annotation-claim-115,substrate_of,http://purl.obolibrary.org/obo/CHEBI_31859,http://purl.obolibrary.org/obo/PR_000006130
http://dbmi-icode-01.dbmi.pitt.edu/mp/ddi-spl-annotation-claim-116,substrate_of,http://purl.obolibrary.org/obo/CHEBI_40303,http://purl.obolibrary.org/obo/PR_000006130
http://dbmi-icode-01.dbmi.pitt.edu/mp/ddi-spl-annotation-claim-117,substrate_of,http://purl.obolibrary.org/obo/CHEBI_8707,http://purl.obolibrary.org/obo/PR_000006102
http://dbmi-icode-01.dbmi.pitt.edu/mp/ddi-spl-annotation-claim-118,substrate_of,http://purl.obolibrary.org/obo/CHEBI_53760,http://purl.obolibrary.org/obo/PR_000006130
http://dbmi-icode-01.dbmi.pitt.edu/mp/ddi-spl-annotation-claim-119,substrate_of,http://purl.obolibrary.org/obo/CHEBI_36791,http://purl.obolibrary.org/obo/PR_000006130
http://dbmi-icode-01.dbmi.pitt.edu/mp/ddi-spl-annotation-claim-120,substrate_of,http://purl.obolibrary.org/obo/CHEBI_3219,http://purl.obolibrary.org/obo/PR_000006116
http://dbmi-icode-01.dbmi.pitt.edu/mp/ddi-spl-annotation-claim-121,substrate_of,http://purl.obolibrary.org/obo/CHEBI_48390,http://purl.obolibrary.org/obo/PR_000006102
http://dbmi-icode-01.dbmi.pitt.edu/mp/ddi-spl-annotation-claim-122,substrate_of,http://purl.obolibrary.org/obo/CHEBI_31236,http://purl.obolibrary.org/obo/PR_000006119
http://dbmi-icode-01.dbmi.pitt.edu/mp/ddi-spl-annotation-claim-123,substrate_of,http://purl.obolibrary.org/obo/CHEBI_3520,http://purl.obolibrary.org/obo/PR_000006120
http://dbmi-icode-01.dbmi.pitt.edu/mp/ddi-spl-annotation-claim-124,substrate_of,http://purl.obolibrary.org/obo/CHEBI_7915,http://purl.obolibrary.org/obo/PR_000006118
http://dbmi-icode-01.dbmi.pitt.edu/mp/ddi-spl-annotation-claim-125,substrate_of,http://purl.obolibrary.org/obo/CHEBI_3766,http://purl.obolibrary.org/obo/PR_000006121
http://dbmi-icode-01.dbmi.pitt.edu/mp/ddi-spl-annotation-claim-126,substrate_of,http://purl.obolibrary.org/obo/CHEBI_2611,http://purl.obolibrary.org/obo/PR_000006102
http://dbmi-icode-01.dbmi.pitt.edu/mp/ddi-spl-annotation-claim-127,substrate_of,http://purl.obolibrary.org/obo/CHEBI_31236,http://purl.obolibrary.org/obo/PR_000006122
http://dbmi-icode-01.dbmi.pitt.edu/mp/ddi-spl-annotation-claim-128,substrate_of,http://purl.obolibrary.org/obo/CHEBI_8028,http://purl.obolibrary.org/obo/PR_000006102
http://dbmi-icode-01.dbmi.pitt.edu/mp/ddi-spl-annotation-claim-129,substrate_of,http://purl.obolibrary.org/obo/CHEBI_10023,http://purl.obolibrary.org/obo/PR_000006130
http://dbmi-icode-01.dbmi.pitt.edu/mp/ddi-spl-annotation-claim-130,substrate_of,http://purl.obolibrary.org/obo/CHEBI_71253,http://purl.obolibrary.org/obo/PR_000006121
http://dbmi-icode-01.dbmi.pitt.edu/mp/ddi-spl-annotation-claim-131,substrate_of,http://purl.obolibrary.org/obo/CHEBI_6950,http://purl.obolibrary.org/obo/PR_000006102
http://dbmi-icode-01.dbmi.pitt.edu/mp/ddi-spl-annotation-claim-132,substrate_of,http://purl.obolibrary.org/obo/CHEBI_8707,http://purl.obolibrary.org/obo/PR_000006120
http://dbmi-icode-01.dbmi.pitt.edu/mp/ddi-spl-annotation-claim-133,substrate_of,http://purl.obolibrary.org/obo/CHEBI_3766,http://purl.obolibrary.org/obo/PR_000006130
http://dbmi-icode-01.dbmi.pitt.edu/mp/ddi-spl-annotation-claim-134,substrate_of,http://purl.obolibrary.org/obo/CHEBI_31236,http://purl.obolibrary.org/obo/PR_000006114
http://dbmi-icode-01.dbmi.pitt.edu/mp/ddi-spl-annotation-claim-135,substrate_of,http://purl.obolibrary.org/obo/CHEBI_10023,http://purl.obolibrary.org/obo/PR_000006118
http://dbmi-icode-01.dbmi.pitt.edu/mp/ddi-spl-annotation-claim-136,substrate_of,http://purl.obolibrary.org/obo/CHEBI_36791,http://purl.obolibrary.org/obo/PR_000006121
http://dbmi-icode-01.dbmi.pitt.edu/mp/ddi-spl-annotation-claim-137,substrate_of,http://purl.obolibrary.org/obo/CHEBI_2910,http://purl.obolibrary.org/obo/PR_000006122
http://dbmi-icode-01.dbmi.pitt.edu/mp/ddi-spl-annotation-claim-138,substrate_of,http://purl.obolibrary.org/obo/CHEBI_10119,http://purl.obolibrary.org/obo/PR_000006120
http://dbmi-icode-01.dbmi.pitt.edu/mp/ddi-spl-annotation-claim-139,substrate_of,http://purl.obolibrary.org/obo/CHEBI_7494,http://purl.obolibrary.org/obo/PR_000006118
http://dbmi-icode-01.dbmi.pitt.edu/mp/ddi-spl-annotation-claim-140,substrate_of,http://purl.obolibrary.org/obo/CHEBI_36791,http://purl.obolibrary.org/obo/PR_000006118
http://dbmi-icode-01.dbmi.pitt.edu/mp/ddi-spl-annotation-claim-141,substrate_of,http://purl.obolibrary.org/obo/CHEBI_8768,http://purl.obolibrary.org/obo/PR_000006130
http://dbmi-icode-01.dbmi.pitt.edu/mp/ddi-spl-annotation-claim-142,substrate_of,http://purl.obolibrary.org/obo/CHEBI_8871,http://purl.obolibrary.org/obo/PR_000006121
http://dbmi-icode-01.dbmi.pitt.edu/mp/ddi-spl-annotation-claim-143,substrate_of,http://purl.obolibrary.org/obo/CHEBI_31236,http://purl.obolibrary.org/obo/PR_000006116
http://dbmi-icode-01.dbmi.pitt.edu/mp/ddi-spl-annotation-claim-144,substrate_of,http://purl.obolibrary.org/obo/CHEBI_9123,http://purl.obolibrary.org/obo/PR_000006118
http://dbmi-icode-01.dbmi.pitt.edu/mp/ddi-spl-annotation-claim-145,substrate_of,http://purl.obolibrary.org/obo/CHEBI_7494,http://purl.obolibrary.org/obo/PR_000006119
http://dbmi-icode-01.dbmi.pitt.edu/mp/ddi-spl-annotation-claim-146,substrate_of,http://purl.obolibrary.org/obo/CHEBI_65173,http://purl.obolibrary.org/obo/PR_000006121
http://dbmi-icode-01.dbmi.pitt.edu/mp/ddi-spl-annotation-claim-147,substrate_of,http://purl.obolibrary.org/obo/CHEBI_7915,http://purl.obolibrary.org/obo/PR_000006130
http://dbmi-icode-01.dbmi.pitt.edu/mp/ddi-spl-annotation-claim-148,substrate_of,http://purl.obolibrary.org/obo/CHEBI_9943,http://purl.obolibrary.org/obo/PR_000006121
http://dbmi-icode-01.dbmi.pitt.edu/mp/ddi-spl-annotation-claim-149,substrate_of,http://purl.obolibrary.org/obo/CHEBI_10023,http://purl.obolibrary.org/obo/PR_000006120
http://dbmi-icode-01.dbmi.pitt.edu/mp/ddi-spl-annotation-claim-150,substrate_of,http://purl.obolibrary.org/obo/CHEBI_31236,http://purl.obolibrary.org/obo/PR_000006130
http://dbmi-icode-01.dbmi.pitt.edu/mp/ddi-spl-annotation-claim-151,substrate_of,http://purl.obolibrary.org/obo/CHEBI_3732,http://purl.obolibrary.org/obo/PR_000006130
http://dbmi-icode-01.dbmi.pitt.edu/mp/ddi-spl-annotation-claim-152,substrate_of,http://purl.obolibrary.org/obo/CHEBI_8028,http://purl.obolibrary.org/obo/PR_000006121
http://dbmi-icode-01.dbmi.pitt.edu/mp/ddi-spl-annotation-claim-153,substrate_of,http://purl.obolibrary.org/obo/CHEBI_9396,http://purl.obolibrary.org/obo/PR_000006121
http://dbmi-icode-01.dbmi.pitt.edu/mp/ddi-spl-annotation-claim-154,substrate_of,http://purl.obolibrary.org/obo/CHEBI_6950,http://purl.obolibrary.org/obo/PR_000006116
http://dbmi-icode-01.dbmi.pitt.edu/mp/ddi-spl-annotation-claim-155,substrate_of,http://purl.obolibrary.org/obo/CHEBI_10125,http://purl.obolibrary.org/obo/PR_000006132
http://dbmi-icode-01.dbmi.pitt.edu/mp/ddi-spl-annotation-claim-156,substrate_of,http://purl.obolibrary.org/obo/CHEBI_10125,http://purl.obolibrary.org/obo/PR_000006130
http://dbmi-icode-01.dbmi.pitt.edu/mp/ddi-spl-annotation-claim-157,substrate_of,http://purl.obolibrary.org/obo/CHEBI_31236,http://purl.obolibrary.org/obo/PR_000006118
http://dbmi-icode-01.dbmi.pitt.edu/mp/ddi-spl-annotation-claim-158,substrate_of,http://purl.obolibrary.org/obo/CHEBI_2910,http://purl.obolibrary.org/obo/PR_000006121
http://dbmi-icode-01.dbmi.pitt.edu/mp/ddi-spl-annotation-claim-159,substrate_of,http://purl.obolibrary.org/obo/CHEBI_31236,http://purl.obolibrary.org/obo/PR_000006121
http://dbmi-icode-01.dbmi.pitt.edu/mp/ddi-spl-annotation-claim-160,substrate_of,http://purl.obolibrary.org/obo/CHEBI_10100,http://purl.obolibrary.org/obo/PR_000006120
http://dbmi-icode-01.dbmi.pitt.edu/mp/ddi-spl-annotation-claim-161,substrate_of,http://purl.obolibrary.org/obo/CHEBI_2910,http://purl.obolibrary.org/obo/PR_000006101
http://dbmi-icode-01.dbmi.pitt.edu/mp/ddi-spl-annotation-claim-162,substrate_of,http://purl.obolibrary.org/obo/CHEBI_65173,http://purl.obolibrary.org/obo/PR_000006114
http://dbmi-icode-01.dbmi.pitt.edu/mp/ddi-spl-annotation-claim-163,substrate_of,http://purl.obolibrary.org/obo/CHEBI_9654,http://purl.obolibrary.org/obo/PR_000006130
http://dbmi-icode-01.dbmi.pitt.edu/mp/ddi-spl-annotation-claim-164,substrate_of,http://purl.obolibrary.org/obo/CHEBI_8707,http://purl.obolibrary.org/obo/PR_000006122
http://dbmi-icode-01.dbmi.pitt.edu/mp/ddi-spl-annotation-claim-165,substrate_of,http://purl.obolibrary.org/obo/CHEBI_8871,http://purl.obolibrary.org/obo/PR_000006130
http://dbmi-icode-01.dbmi.pitt.edu/mp/ddi-spl-annotation-claim-166,substrate_of,http://purl.obolibrary.org/obo/CHEBI_5613,http://purl.obolibrary.org/obo/PR_000006130
http://dbmi-icode-01.dbmi.pitt.edu/mp/ddi-spl-annotation-claim-167,substrate_of,http://purl.obolibrary.org/obo/CHEBI_36795,http://purl.obolibrary.org/obo/PR_000006102
http://dbmi-icode-01.dbmi.pitt.edu/mp/ddi-spl-annotation-claim-168,substrate_of,http://purl.obolibrary.org/obo/CHEBI_5136,http://purl.obolibrary.org/obo/PR_000006130
http://dbmi-icode-01.dbmi.pitt.edu/mp/ddi-spl-annotation-claim-169,substrate_of,http://purl.obolibrary.org/obo/CHEBI_10102,http://purl.obolibrary.org/obo/PR_000006130
http://dbmi-icode-01.dbmi.pitt.edu/mp/ddi-spl-annotation-claim-170,substrate_of,http://purl.obolibrary.org/obo/CHEBI_10102,http://purl.obolibrary.org/obo/PR_000006121
http://dbmi-icode-01.dbmi.pitt.edu/mp/ddi-spl-annotation-claim-171,substrate_of,http://purl.obolibrary.org/obo/CHEBI_53760,http://purl.obolibrary.org/obo/PR_000006122
http://dbmi-icode-01.dbmi.pitt.edu/mp/ddi-spl-annotation-claim-172,substrate_of,http://purl.obolibrary.org/obo/CHEBI_65173,http://purl.obolibrary.org/obo/PR_000006130
http://dbmi-icode-01.dbmi.pitt.edu/mp/ddi-spl-annotation-claim-173,substrate_of,http://purl.obolibrary.org/obo/CHEBI_8028,http://purl.obolibrary.org/obo/PR_000006118
http://dbmi-icode-01.dbmi.pitt.edu/mp/ddi-spl-annotation-claim-174,substrate_of,http://purl.obolibrary.org/obo/CHEBI_6950,http://purl.obolibrary.org/obo/PR_000006118
http://dbmi-icode-01.dbmi.pitt.edu/mp/ddi-spl-annotation-claim-175,substrate_of,http://purl.obolibrary.org/obo/CHEBI_5138,http://purl.obolibrary.org/obo/PR_000006121
http://dbmi-icode-01.dbmi.pitt.edu/mp/ddi-spl-annotation-claim-176,substrate_of,http://purl.obolibrary.org/obo/CHEBI_38545,http://purl.obolibrary.org/obo/PR_000006130
http://dbmi-icode-01.dbmi.pitt.edu/mp/ddi-spl-annotation-claim-177,substrate_of,http://purl.obolibrary.org/obo/CHEBI_9396,http://purl.obolibrary.org/obo/PR_000006132
http://dbmi-icode-01.dbmi.pitt.edu/mp/ddi-spl-annotation-claim-178,substrate_of,http://purl.obolibrary.org/obo/CHEBI_5118,http://purl.obolibrary.org/obo/PR_000006121
http://dbmi-icode-01.dbmi.pitt.edu/mp/ddi-spl-annotation-claim-179,substrate_of,http://purl.obolibrary.org/obo/CHEBI_6931,http://purl.obolibrary.org/obo/PR_000006132
http://dbmi-icode-01.dbmi.pitt.edu/mp/ddi-spl-annotation-claim-180,substrate_of,http://purl.obolibrary.org/obo/CHEBI_6375,http://purl.obolibrary.org/obo/PR_000006118
http://dbmi-icode-01.dbmi.pitt.edu/mp/ddi-spl-annotation-claim-181,substrate_of,http://purl.obolibrary.org/obo/CHEBI_48390,http://purl.obolibrary.org/obo/PR_000006130
http://dbmi-icode-01.dbmi.pitt.edu/mp/ddi-spl-annotation-claim-182,substrate_of,http://purl.obolibrary.org/obo/CHEBI_8707,http://purl.obolibrary.org/obo/PR_000006118
http://dbmi-icode-01.dbmi.pitt.edu/mp/ddi-spl-annotation-claim-183,substrate_of,http://purl.obolibrary.org/obo/CHEBI_65173,http://purl.obolibrary.org/obo/PR_000006102
http://dbmi-icode-01.dbmi.pitt.edu/mp/ddi-spl-annotation-claim-184,substrate_of,http://purl.obolibrary.org/obo/CHEBI_36792,http://purl.obolibrary.org/obo/PR_000006130
http://dbmi-icode-01.dbmi.pitt.edu/mp/ddi-spl-annotation-claim-185,substrate_of,http://purl.obolibrary.org/obo/CHEBI_65173,http://purl.obolibrary.org/obo/PR_000006101
http://dbmi-icode-01.dbmi.pitt.edu/mp/ddi-spl-annotation-claim-186,substrate_of,http://purl.obolibrary.org/obo/CHEBI_65173,http://purl.obolibrary.org/obo/PR_000006120
http://dbmi-icode-01.dbmi.pitt.edu/mp/ddi-spl-annotation-claim-187,substrate_of,http://purl.obolibrary.org/obo/CHEBI_65173,http://purl.obolibrary.org/obo/PR_000006119
http://dbmi-icode-01.dbmi.pitt.edu/mp/ddi-spl-annotation-claim-188,substrate_of,http://purl.obolibrary.org/obo/CHEBI_6375,http://purl.obolibrary.org/obo/PR_000006132
http://dbmi-icode-01.dbmi.pitt.edu/mp/ddi-spl-annotation-claim-189,substrate_of,http://purl.obolibrary.org/obo/CHEBI_9566,http://purl.obolibrary.org/obo/PR_000006121
http://dbmi-icode-01.dbmi.pitt.edu/mp/ddi-spl-annotation-claim-190,substrate_of,http://purl.obolibrary.org/obo/CHEBI_3766,http://purl.obolibrary.org/obo/PR_000006102
http://dbmi-icode-01.dbmi.pitt.edu/mp/ddi-spl-annotation-claim-191,substrate_of,http://purl.obolibrary.org/obo/CHEBI_7494,http://purl.obolibrary.org/obo/PR_000006120
http://dbmi-icode-01.dbmi.pitt.edu/mp/ddi-spl-annotation-claim-192,substrate_of,http://purl.obolibrary.org/obo/CHEBI_7494,http://purl.obolibrary.org/obo/PR_000006102
http://dbmi-icode-01.dbmi.pitt.edu/mp/ddi-spl-annotation-claim-193,substrate_of,http://purl.obolibrary.org/obo/CHEBI_9396,http://purl.obolibrary.org/obo/PR_000006130
http://dbmi-icode-01.dbmi.pitt.edu/mp/ddi-spl-annotation-claim-194,substrate_of,http://purl.obolibrary.org/obo/CHEBI_3723,http://purl.obolibrary.org/obo/PR_000006118
http://dbmi-icode-01.dbmi.pitt.edu/mp/ddi-spl-annotation-claim-195,substrate_of,http://purl.obolibrary.org/obo/CHEBI_2910,http://purl.obolibrary.org/obo/PR_000006120
http://dbmi-icode-01.dbmi.pitt.edu/mp/ddi-spl-annotation-claim-196,substrate_of,http://purl.obolibrary.org/obo/CHEBI_65173,http://purl.obolibrary.org/obo/PR_000006118
http://dbmi-icode-01.dbmi.pitt.edu/mp/ddi-spl-annotation-claim-197,substrate_of,http://purl.obolibrary.org/obo/CHEBI_3732,http://purl.obolibrary.org/obo/PR_000006121
http://dbmi-icode-01.dbmi.pitt.edu/mp/ddi-spl-annotation-claim-198,substrate_of,http://purl.obolibrary.org/obo/CHEBI_6950,http://purl.obolibrary.org/obo/PR_000006114
http://dbmi-icode-01.dbmi.pitt.edu/mp/ddi-spl-annotation-claim-199,substrate_of,http://purl.obolibrary.org/obo/CHEBI_7936,http://purl.obolibrary.org/obo/PR_000006121
http://dbmi-icode-01.dbmi.pitt.edu/mp/ddi-spl-annotation-claim-200,substrate_of,http://purl.obolibrary.org/obo/CHEBI_48390,http://purl.obolibrary.org/obo/PR_000006121
http://dbmi-icode-01.dbmi.pitt.edu/mp/ddi-spl-annotation-claim-201,substrate_of,http://purl.obolibrary.org/obo/CHEBI_6950,http://purl.obolibrary.org/obo/PR_000006122
http://dbmi-icode-01.dbmi.pitt.edu/mp/ddi-spl-annotation-claim-202,substrate_of,http://purl.obolibrary.org/obo/CHEBI_6950,http://purl.obolibrary.org/obo/PR_000006130
http://dbmi-icode-01.dbmi.pitt.edu/mp/ddi-spl-annotation-claim-203,substrate_of,http://purl.obolibrary.org/obo/CHEBI_6950,http://purl.obolibrary.org/obo/PR_000006132
http://dbmi-icode-01.dbmi.pitt.edu/mp/ddi-spl-annotation-claim-204,substrate_of,http://purl.obolibrary.org/obo/CHEBI_10119,http://purl.obolibrary.org/obo/PR_000006130
http://dbmi-icode-01.dbmi.pitt.edu/mp/ddi-spl-annotation-claim-205,substrate_of,http://purl.obolibrary.org/obo/CHEBI_7735,http://purl.obolibrary.org/obo/PR_000006121
http://dbmi-icode-01.dbmi.pitt.edu/mp/ddi-spl-annotation-claim-206,substrate_of,http://purl.obolibrary.org/obo/CHEBI_3732,http://purl.obolibrary.org/obo/PR_000006102
http://dbmi-icode-01.dbmi.pitt.edu/mp/ddi-spl-annotation-claim-207,substrate_of,http://purl.obolibrary.org/obo/CHEBI_3723,http://purl.obolibrary.org/obo/PR_000006130
http://dbmi-icode-01.dbmi.pitt.edu/mp/ddi-spl-annotation-claim-208,substrate_of,http://purl.obolibrary.org/obo/CHEBI_8707,http://purl.obolibrary.org/obo/PR_000006130
http://dbmi-icode-01.dbmi.pitt.edu/mp/ddi-spl-annotation-claim-209,substrate_of,http://purl.obolibrary.org/obo/CHEBI_8768,http://purl.obolibrary.org/obo/PR_000006132
http://dbmi-icode-01.dbmi.pitt.edu/mp/ddi-spl-annotation-claim-210,substrate_of,http://purl.obolibrary.org/obo/CHEBI_101278,http://purl.obolibrary.org/obo/PR_000006132
http://dbmi-icode-01.dbmi.pitt.edu/mp/ddi-spl-annotation-claim-211,substrate_of,http://purl.obolibrary.org/obo/CHEBI_101278,http://purl.obolibrary.org/obo/PR_000006130
http://dbmi-icode-01.dbmi.pitt.edu/mp/ddi-spl-annotation-claim-212,substrate_of,http://purl.obolibrary.org/obo/CHEBI_6950,http://purl.obolibrary.org/obo/PR_000006121
http://dbmi-icode-01.dbmi.pitt.edu/mp/ddi-spl-annotation-claim-213,substrate_of,http://purl.obolibrary.org/obo/CHEBI_65173,http://purl.obolibrary.org/obo/PR_000006122
http://dbmi-icode-01.dbmi.pitt.edu/mp/ddi-spl-annotation-claim-214,substrate_of,http://purl.obolibrary.org/obo/CHEBI_9396,http://purl.obolibrary.org/obo/PR_000006120
http://dbmi-icode-01.dbmi.pitt.edu/mp/ddi-spl-annotation-claim-215,substrate_of,http://purl.obolibrary.org/obo/CHEBI_3723,http://purl.obolibrary.org/obo/PR_000006121
http://dbmi-icode-01.dbmi.pitt.edu/mp/ddi-spl-annotation-claim-216,substrate_of,http://purl.obolibrary.org/obo/CHEBI_87681,http://purl.obolibrary.org/obo/PR_000006121
http://dbmi-icode-01.dbmi.pitt.edu/mp/ddi-spl-annotation-claim-217,substrate_of,http://purl.obolibrary.org/obo/CHEBI_31236,http://purl.obolibrary.org/obo/PR_000006120
http://dbmi-icode-01.dbmi.pitt.edu/mp/ddi-spl-annotation-claim-218,substrate_of,http://purl.obolibrary.org/obo/CHEBI_8028,http://purl.obolibrary.org/obo/PR_000006130
http://dbmi-icode-01.dbmi.pitt.edu/mp/ddi-spl-annotation-claim-219,substrate_of,http://purl.obolibrary.org/obo/CHEBI_6375,http://purl.obolibrary.org/obo/PR_000006130
http://dbmi-icode-01.dbmi.pitt.edu/mp/ddi-spl-annotation-claim-220,substrate_of,http://purl.obolibrary.org/obo/CHEBI_9943,http://purl.obolibrary.org/obo/PR_000006130
http://dbmi-icode-01.dbmi.pitt.edu/mp/ddi-spl-annotation-claim-221,substrate_of,http://purl.obolibrary.org/obo/CHEBI_8768,http://purl.obolibrary.org/obo/PR_000006118
http://dbmi-icode-01.dbmi.pitt.edu/mp/ddi-spl-annotation-claim-222,substrate_of,http://purl.obolibrary.org/obo/CHEBI_10119,http://purl.obolibrary.org/obo/PR_000006121
http://dbmi-icode-01.dbmi.pitt.edu/mp/ddi-spl-annotation-claim-223,substrate_of,http://purl.obolibrary.org/obo/CHEBI_65173,http://purl.obolibrary.org/obo/PR_000006116
http://dbmi-icode-01.dbmi.pitt.edu/mp/ddi-spl-annotation-claim-224,inhibits,http://purl.obolibrary.org/obo/CHEBI_53760,http://purl.obolibrary.org/obo/PR_000006122
http://dbmi-icode-01.dbmi.pitt.edu/mp/ddi-spl-annotation-claim-225,inhibits,http://purl.obolibrary.org/obo/CHEBI_7494,http://purl.obolibrary.org/obo/PR_000006102
http://dbmi-icode-01.dbmi.pitt.edu/mp/ddi-spl-annotation-claim-226,inhibits,http://purl.obolibrary.org/obo/CHEBI_63631,http://purl.obolibrary.org/obo/PR_000006116
http://dbmi-icode-01.dbmi.pitt.edu/mp/ddi-spl-annotation-claim-227,inhibits,http://purl.obolibrary.org/obo/CHEBI_6950,http://purl.obolibrary.org/obo/PR_000006120
http://dbmi-icode-01.dbmi.pitt.edu/mp/ddi-spl-annotation-claim-228,inhibits,http://purl.obolibrary.org/obo/CHEBI_63631,http://purl.obolibrary.org/obo/PR_000006122
http://dbmi-icode-01.dbmi.pitt.edu/mp/ddi-spl-annotation-claim-229,inhibits,http://purl.obolibrary.org/obo/CHEBI_46081,http://purl.obolibrary.org/obo/PR_000006120
http://dbmi-icode-01.dbmi.pitt.edu/mp/ddi-spl-annotation-claim-230,inhibits,http://purl.obolibrary.org/obo/CHEBI_8707,http://purl.obolibrary.org/obo/PR_000006130
http://dbmi-icode-01.dbmi.pitt.edu/mp/ddi-spl-annotation-claim-231,inhibits,http://purl.obolibrary.org/obo/CHEBI_10100,http://purl.obolibrary.org/obo/PR_000006130
http://dbmi-icode-01.dbmi.pitt.edu/mp/ddi-spl-annotation-claim-232,inhibits,http://purl.obolibrary.org/obo/CHEBI_45409,http://purl.obolibrary.org/obo/PR_000006132
http://dbmi-icode-01.dbmi.pitt.edu/mp/ddi-spl-annotation-claim-233,inhibits,http://purl.obolibrary.org/obo/CHEBI_45409,http://purl.obolibrary.org/obo/PR_000006130
http://dbmi-icode-01.dbmi.pitt.edu/mp/ddi-spl-annotation-claim-234,inhibits,http://purl.obolibrary.org/obo/CHEBI_36792,http://purl.obolibrary.org/obo/PR_000006122
http://dbmi-icode-01.dbmi.pitt.edu/mp/ddi-spl-annotation-claim-235,inhibits,http://purl.obolibrary.org/obo/CHEBI_31236,http://purl.obolibrary.org/obo/PR_000006121
http://dbmi-icode-01.dbmi.pitt.edu/mp/ddi-spl-annotation-claim-236,inhibits,http://purl.obolibrary.org/obo/CHEBI_50122,http://purl.obolibrary.org/obo/PR_000006102
http://dbmi-icode-01.dbmi.pitt.edu/mp/ddi-spl-annotation-claim-237,inhibits,http://purl.obolibrary.org/obo/CHEBI_50122,http://purl.obolibrary.org/obo/PR_000006101
http://dbmi-icode-01.dbmi.pitt.edu/mp/ddi-spl-annotation-claim-238,inhibits,http://purl.obolibrary.org/obo/CHEBI_36795,http://purl.obolibrary.org/obo/PR_000006118
http://dbmi-icode-01.dbmi.pitt.edu/mp/ddi-spl-annotation-claim-239,inhibits,http://purl.obolibrary.org/obo/CHEBI_82978,http://purl.obolibrary.org/obo/PR_000006130
http://dbmi-icode-01.dbmi.pitt.edu/mp/ddi-spl-annotation-claim-240,inhibits,http://purl.obolibrary.org/obo/CHEBI_9948,http://purl.obolibrary.org/obo/PR_000006130
http://dbmi-icode-01.dbmi.pitt.edu/mp/ddi-spl-annotation-claim-241,inhibits,http://purl.obolibrary.org/obo/CHEBI_9948,http://purl.obolibrary.org/obo/PR_000006132
http://dbmi-icode-01.dbmi.pitt.edu/mp/ddi-spl-annotation-claim-242,inhibits,http://purl.obolibrary.org/obo/CHEBI_37924,http://purl.obolibrary.org/obo/PR_000006114
http://dbmi-icode-01.dbmi.pitt.edu/mp/ddi-spl-annotation-claim-243,inhibits,http://purl.obolibrary.org/obo/CHEBI_48923,http://purl.obolibrary.org/obo/PR_000006130
http://dbmi-icode-01.dbmi.pitt.edu/mp/ddi-spl-annotation-claim-244,inhibits,http://purl.obolibrary.org/obo/CHEBI_6992,http://purl.obolibrary.org/obo/PR_000006118
http://dbmi-icode-01.dbmi.pitt.edu/mp/ddi-spl-annotation-claim-245,inhibits,http://purl.obolibrary.org/obo/CHEBI_7772,http://purl.obolibrary.org/obo/PR_000006121
http://dbmi-icode-01.dbmi.pitt.edu/mp/ddi-spl-annotation-claim-246,inhibits,http://purl.obolibrary.org/obo/CHEBI_48390,http://purl.obolibrary.org/obo/PR_000006118
http://dbmi-icode-01.dbmi.pitt.edu/mp/ddi-spl-annotation-claim-247,inhibits,http://purl.obolibrary.org/obo/CHEBI_36791,http://purl.obolibrary.org/obo/PR_000006118
http://dbmi-icode-01.dbmi.pitt.edu/mp/ddi-spl-annotation-claim-248,inhibits,http://purl.obolibrary.org/obo/CHEBI_53760,http://purl.obolibrary.org/obo/PR_000006114
http://dbmi-icode-01.dbmi.pitt.edu/mp/ddi-spl-annotation-claim-249,inhibits,http://purl.obolibrary.org/obo/CHEBI_10119,http://purl.obolibrary.org/obo/PR_000006102
http://dbmi-icode-01.dbmi.pitt.edu/mp/ddi-spl-annotation-claim-250,inhibits,http://purl.obolibrary.org/obo/CHEBI_3723,http://purl.obolibrary.org/obo/PR_000006120
http://dbmi-icode-01.dbmi.pitt.edu/mp/ddi-spl-annotation-claim-251,inhibits,http://purl.obolibrary.org/obo/CHEBI_5118,http://purl.obolibrary.org/obo/PR_000006121
http://dbmi-icode-01.dbmi.pitt.edu/mp/ddi-spl-annotation-claim-252,inhibits,http://purl.obolibrary.org/obo/CHEBI_3520,http://purl.obolibrary.org/obo/PR_000006130
http://dbmi-icode-01.dbmi.pitt.edu/mp/ddi-spl-annotation-claim-253,inhibits,http://purl.obolibrary.org/obo/CHEBI_82978,http://purl.obolibrary.org/obo/PR_000006102
http://dbmi-icode-01.dbmi.pitt.edu/mp/ddi-spl-annotation-claim-254,inhibits,http://purl.obolibrary.org/obo/CHEBI_36795,http://purl.obolibrary.org/obo/PR_000006132
http://dbmi-icode-01.dbmi.pitt.edu/mp/ddi-spl-annotation-claim-255,inhibits,http://purl.obolibrary.org/obo/CHEBI_36795,http://purl.obolibrary.org/obo/PR_000006130
http://dbmi-icode-01.dbmi.pitt.edu/mp/ddi-spl-annotation-claim-256,inhibits,http://purl.obolibrary.org/obo/CHEBI_46081,http://purl.obolibrary.org/obo/PR_000006130
http://dbmi-icode-01.dbmi.pitt.edu/mp/ddi-spl-annotation-claim-257,inhibits,http://purl.obolibrary.org/obo/CHEBI_10100,http://purl.obolibrary.org/obo/PR_000006120
http://dbmi-icode-01.dbmi.pitt.edu/mp/ddi-spl-annotation-claim-258,inhibits,http://purl.obolibrary.org/obo/CHEBI_5138,http://purl.obolibrary.org/obo/PR_000006118
http://dbmi-icode-01.dbmi.pitt.edu/mp/ddi-spl-annotation-claim-259,inhibits,http://purl.obolibrary.org/obo/CHEBI_82978,http://purl.obolibrary.org/obo/PR_000006120
http://dbmi-icode-01.dbmi.pitt.edu/mp/ddi-spl-annotation-claim-260,inhibits,http://purl.obolibrary.org/obo/CHEBI_82978,http://purl.obolibrary.org/obo/PR_000006119
http://dbmi-icode-01.dbmi.pitt.edu/mp/ddi-spl-annotation-claim-261,inhibits,http://purl.obolibrary.org/obo/CHEBI_37924,http://purl.obolibrary.org/obo/PR_000006132
http://dbmi-icode-01.dbmi.pitt.edu/mp/ddi-spl-annotation-claim-262,inhibits,http://purl.obolibrary.org/obo/CHEBI_37924,http://purl.obolibrary.org/obo/PR_000006130
http://dbmi-icode-01.dbmi.pitt.edu/mp/ddi-spl-annotation-claim-263,inhibits,http://purl.obolibrary.org/obo/CHEBI_8871,http://purl.obolibrary.org/obo/PR_000006118
http://dbmi-icode-01.dbmi.pitt.edu/mp/ddi-spl-annotation-claim-264,inhibits,http://purl.obolibrary.org/obo/CHEBI_8028,http://purl.obolibrary.org/obo/PR_000006118
http://dbmi-icode-01.dbmi.pitt.edu/mp/ddi-spl-annotation-claim-265,inhibits,http://purl.obolibrary.org/obo/CHEBI_53760,http://purl.obolibrary.org/obo/PR_000006130
http://dbmi-icode-01.dbmi.pitt.edu/mp/ddi-spl-annotation-claim-266,inhibits,http://purl.obolibrary.org/obo/CHEBI_37924,http://purl.obolibrary.org/obo/PR_000006122
http://dbmi-icode-01.dbmi.pitt.edu/mp/ddi-spl-annotation-claim-267,inhibits,http://purl.obolibrary.org/obo/CHEBI_48390,http://purl.obolibrary.org/obo/PR_000006132
http://dbmi-icode-01.dbmi.pitt.edu/mp/ddi-spl-annotation-claim-268,inhibits,http://purl.obolibrary.org/obo/CHEBI_48390,http://purl.obolibrary.org/obo/PR_000006130
http://dbmi-icode-01.dbmi.pitt.edu/mp/ddi-spl-annotation-claim-269,inhibits,http://purl.obolibrary.org/obo/CHEBI_36792,http://purl.obolibrary.org/obo/PR_000006102
http://dbmi-icode-01.dbmi.pitt.edu/mp/ddi-spl-annotation-claim-270,inhibits,http://purl.obolibrary.org/obo/CHEBI_31859,http://purl.obolibrary.org/obo/PR_000006118
http://dbmi-icode-01.dbmi.pitt.edu/mp/ddi-spl-annotation-claim-271,inhibits,http://purl.obolibrary.org/obo/CHEBI_65173,http://purl.obolibrary.org/obo/PR_000006121
http://dbmi-icode-01.dbmi.pitt.edu/mp/ddi-spl-annotation-claim-272,inhibits,http://purl.obolibrary.org/obo/CHEBI_9943,http://purl.obolibrary.org/obo/PR_000006120
http://dbmi-icode-01.dbmi.pitt.edu/mp/ddi-spl-annotation-claim-273,inhibits,http://purl.obolibrary.org/obo/CHEBI_100241,http://purl.obolibrary.org/obo/PR_000006102
http://dbmi-icode-01.dbmi.pitt.edu/mp/ddi-spl-annotation-claim-274,inhibits,http://purl.obolibrary.org/obo/CHEBI_63619,http://purl.obolibrary.org/obo/PR_000006102
http://dbmi-icode-01.dbmi.pitt.edu/mp/ddi-spl-annotation-claim-275,inhibits,http://purl.obolibrary.org/obo/CHEBI_45409,http://purl.obolibrary.org/obo/PR_000006121
http://dbmi-icode-01.dbmi.pitt.edu/mp/ddi-spl-annotation-claim-276,inhibits,http://purl.obolibrary.org/obo/CHEBI_3723,http://purl.obolibrary.org/obo/PR_000006102
http://dbmi-icode-01.dbmi.pitt.edu/mp/ddi-spl-annotation-claim-277,inhibits,http://purl.obolibrary.org/obo/CHEBI_3520,http://purl.obolibrary.org/obo/PR_000006120
http://dbmi-icode-01.dbmi.pitt.edu/mp/ddi-spl-annotation-claim-278,inhibits,http://purl.obolibrary.org/obo/CHEBI_36791,http://purl.obolibrary.org/obo/PR_000006120
http://dbmi-icode-01.dbmi.pitt.edu/mp/ddi-spl-annotation-claim-279,inhibits,http://purl.obolibrary.org/obo/CHEBI_53760,http://purl.obolibrary.org/obo/PR_000006121
http://dbmi-icode-01.dbmi.pitt.edu/mp/ddi-spl-annotation-claim-280,inhibits,http://purl.obolibrary.org/obo/CHEBI_63631,http://purl.obolibrary.org/obo/PR_000006120
http://dbmi-icode-01.dbmi.pitt.edu/mp/ddi-spl-annotation-claim-281,inhibits,http://purl.obolibrary.org/obo/CHEBI_3723,http://purl.obolibrary.org/obo/PR_000006121
http://dbmi-icode-01.dbmi.pitt.edu/mp/ddi-spl-annotation-claim-282,inhibits,http://purl.obolibrary.org/obo/CHEBI_87681,http://purl.obolibrary.org/obo/PR_000006121
http://dbmi-icode-01.dbmi.pitt.edu/mp/ddi-spl-annotation-claim-283,inhibits,http://purl.obolibrary.org/obo/CHEBI_101278,http://purl.obolibrary.org/obo/PR_000006130
http://dbmi-icode-01.dbmi.pitt.edu/mp/ddi-spl-annotation-claim-284,inhibits,http://purl.obolibrary.org/obo/CHEBI_3520,http://purl.obolibrary.org/obo/PR_000006121
http://dbmi-icode-01.dbmi.pitt.edu/mp/ddi-spl-annotation-claim-285,inhibits,http://purl.obolibrary.org/obo/CHEBI_3723,http://purl.obolibrary.org/obo/PR_000006118
http://dbmi-icode-01.dbmi.pitt.edu/mp/ddi-spl-annotation-claim-286,inhibits,http://purl.obolibrary.org/obo/CHEBI_36792,http://purl.obolibrary.org/obo/PR_000006121
http://dbmi-icode-01.dbmi.pitt.edu/mp/ddi-spl-annotation-claim-287,inhibits,http://purl.obolibrary.org/obo/CHEBI_6992,http://purl.obolibrary.org/obo/PR_000006130
http://dbmi-icode-01.dbmi.pitt.edu/mp/ddi-spl-annotation-claim-288,inhibits,http://purl.obolibrary.org/obo/CHEBI_3766,http://purl.obolibrary.org/obo/PR_000006118
http://dbmi-icode-01.dbmi.pitt.edu/mp/ddi-spl-annotation-claim-289,inhibits,http://purl.obolibrary.org/obo/CHEBI_2663,http://purl.obolibrary.org/obo/PR_000006120
http://dbmi-icode-01.dbmi.pitt.edu/mp/ddi-spl-annotation-claim-290,inhibits,http://purl.obolibrary.org/obo/CHEBI_2663,http://purl.obolibrary.org/obo/PR_000006121
http://dbmi-icode-01.dbmi.pitt.edu/mp/ddi-spl-annotation-claim-291,inhibits,http://purl.obolibrary.org/obo/CHEBI_3520,http://purl.obolibrary.org/obo/PR_000006118
http://dbmi-icode-01.dbmi.pitt.edu/mp/ddi-spl-annotation-claim-292,inhibits,http://purl.obolibrary.org/obo/CHEBI_82978,http://purl.obolibrary.org/obo/PR_000006121
http://dbmi-icode-01.dbmi.pitt.edu/mp/ddi-spl-annotation-claim-293,inhibits,http://purl.obolibrary.org/obo/CHEBI_9123,http://purl.obolibrary.org/obo/PR_000006121
http://dbmi-icode-01.dbmi.pitt.edu/mp/ddi-spl-annotation-claim-294,inhibits,http://purl.obolibrary.org/obo/CHEBI_6375,http://purl.obolibrary.org/obo/PR_000006121
http://dbmi-icode-01.dbmi.pitt.edu/mp/ddi-spl-annotation-claim-295,inhibits,http://purl.obolibrary.org/obo/CHEBI_82978,http://purl.obolibrary.org/obo/PR_000006118
http://dbmi-icode-01.dbmi.pitt.edu/mp/ddi-spl-annotation-claim-296,inhibits,http://purl.obolibrary.org/obo/CHEBI_10023,http://purl.obolibrary.org/obo/PR_000006120
http://dbmi-icode-01.dbmi.pitt.edu/mp/ddi-spl-annotation-claim-297,inhibits,http://purl.obolibrary.org/obo/CHEBI_9943,http://purl.obolibrary.org/obo/PR_000006102
http://dbmi-icode-01.dbmi.pitt.edu/mp/ddi-spl-annotation-claim-298,inhibits,http://purl.obolibrary.org/obo/CHEBI_50122,http://purl.obolibrary.org/obo/PR_000006118
http://dbmi-icode-01.dbmi.pitt.edu/mp/ddi-spl-annotation-claim-299,inhibits,http://purl.obolibrary.org/obo/CHEBI_5898,http://purl.obolibrary.org/obo/PR_000006132
http://dbmi-icode-01.dbmi.pitt.edu/mp/ddi-spl-annotation-claim-300,inhibits,http://purl.obolibrary.org/obo/CHEBI_5898,http://purl.obolibrary.org/obo/PR_000006130
http://dbmi-icode-01.dbmi.pitt.edu/mp/ddi-spl-annotation-claim-301,inhibits,http://purl.obolibrary.org/obo/CHEBI_10119,http://purl.obolibrary.org/obo/PR_000006120
http://dbmi-icode-01.dbmi.pitt.edu/mp/ddi-spl-annotation-claim-302,inhibits,http://purl.obolibrary.org/obo/CHEBI_31236,http://purl.obolibrary.org/obo/PR_000006102
http://dbmi-icode-01.dbmi.pitt.edu/mp/ddi-spl-annotation-claim-303,inhibits,http://purl.obolibrary.org/obo/CHEBI_37924,http://purl.obolibrary.org/obo/PR_000006118
http://dbmi-icode-01.dbmi.pitt.edu/mp/ddi-spl-annotation-claim-304,inhibits,http://purl.obolibrary.org/obo/CHEBI_63631,http://purl.obolibrary.org/obo/PR_000006102
http://dbmi-icode-01.dbmi.pitt.edu/mp/ddi-spl-annotation-claim-305,inhibits,http://purl.obolibrary.org/obo/CHEBI_8707,http://purl.obolibrary.org/obo/PR_000006120
http://dbmi-icode-01.dbmi.pitt.edu/mp/ddi-spl-annotation-claim-306,inhibits,http://purl.obolibrary.org/obo/CHEBI_100246,http://purl.obolibrary.org/obo/PR_000006102
http://dbmi-icode-01.dbmi.pitt.edu/mp/ddi-spl-annotation-claim-307,inhibits,http://purl.obolibrary.org/obo/CHEBI_9731,http://purl.obolibrary.org/obo/PR_000006119
http://dbmi-icode-01.dbmi.pitt.edu/mp/ddi-spl-annotation-claim-308,inhibits,http://purl.obolibrary.org/obo/CHEBI_63631,http://purl.obolibrary.org/obo/PR_000006121
http://dbmi-icode-01.dbmi.pitt.edu/mp/ddi-spl-annotation-claim-309,inhibits,http://purl.obolibrary.org/obo/CHEBI_82978,http://purl.obolibrary.org/obo/PR_000006132
http://dbmi-icode-01.dbmi.pitt.edu/mp/ddi-spl-annotation-claim-310,inhibits,http://purl.obolibrary.org/obo/CHEBI_3723,http://purl.obolibrary.org/obo/PR_000006122
http://dbmi-icode-01.dbmi.pitt.edu/mp/ddi-spl-annotation-claim-311,inhibits,http://purl.obolibrary.org/obo/CHEBI_31236,http://purl.obolibrary.org/obo/PR_000006118
http://dbmi-icode-01.dbmi.pitt.edu/mp/ddi-spl-annotation-claim-312,inhibits,http://purl.obolibrary.org/obo/CHEBI_6950,http://purl.obolibrary.org/obo/PR_000006121
http://dbmi-icode-01.dbmi.pitt.edu/mp/ddi-spl-annotation-claim-313,inhibits,http://purl.obolibrary.org/obo/CHEBI_50122,http://purl.obolibrary.org/obo/PR_000006132
http://dbmi-icode-01.dbmi.pitt.edu/mp/ddi-spl-annotation-claim-314,inhibits,http://purl.obolibrary.org/obo/CHEBI_8707,http://purl.obolibrary.org/obo/PR_000006102
http://dbmi-icode-01.dbmi.pitt.edu/mp/ddi-spl-annotation-claim-315,inhibits,http://purl.obolibrary.org/obo/CHEBI_5613,http://purl.obolibrary.org/obo/PR_000006118
http://dbmi-icode-01.dbmi.pitt.edu/mp/ddi-spl-annotation-claim-316,inhibits,http://purl.obolibrary.org/obo/CHEBI_10023,http://purl.obolibrary.org/obo/PR_000006130
http://dbmi-icode-01.dbmi.pitt.edu/mp/ddi-spl-annotation-claim-317,inhibits,http://purl.obolibrary.org/obo/CHEBI_37924,http://purl.obolibrary.org/obo/PR_000006121
http://dbmi-icode-01.dbmi.pitt.edu/mp/ddi-spl-annotation-claim-318,inhibits,http://purl.obolibrary.org/obo/CHEBI_36795,http://purl.obolibrary.org/obo/PR_000006120
http://dbmi-icode-01.dbmi.pitt.edu/mp/ddi-spl-annotation-claim-319,inhibits,http://purl.obolibrary.org/obo/CHEBI_50122,http://purl.obolibrary.org/obo/PR_000006114
http://dbmi-icode-01.dbmi.pitt.edu/mp/ddi-spl-annotation-claim-320,inhibits,http://purl.obolibrary.org/obo/CHEBI_127342,http://purl.obolibrary.org/obo/PR_000006102
http://dbmi-icode-01.dbmi.pitt.edu/mp/ddi-spl-annotation-claim-321,inhibits,http://purl.obolibrary.org/obo/CHEBI_48339,http://purl.obolibrary.org/obo/PR_000006130
http://dbmi-icode-01.dbmi.pitt.edu/mp/ddi-spl-annotation-claim-322,inhibits,http://purl.obolibrary.org/obo/CHEBI_46081,http://purl.obolibrary.org/obo/PR_000006132
http://dbmi-icode-01.dbmi.pitt.edu/mp/ddi-spl-annotation-claim-323,inhibits,http://purl.obolibrary.org/obo/CHEBI_8707,http://purl.obolibrary.org/obo/PR_000006121
http://dbmi-icode-01.dbmi.pitt.edu/mp/ddi-spl-annotation-claim-324,inhibits,http://purl.obolibrary.org/obo/CHEBI_10119,http://purl.obolibrary.org/obo/PR_000006121
http://dbmi-icode-01.dbmi.pitt.edu/mp/ddi-spl-annotation-claim-325,inhibits,http://purl.obolibrary.org/obo/CHEBI_9948,http://purl.obolibrary.org/obo/PR_000006102
http://dbmi-icode-01.dbmi.pitt.edu/mp/ddi-spl-annotation-claim-326,inhibits,http://purl.obolibrary.org/obo/CHEBI_2663,http://purl.obolibrary.org/obo/PR_000006130
http://dbmi-icode-01.dbmi.pitt.edu/mp/ddi-spl-annotation-claim-327,inhibits,http://purl.obolibrary.org/obo/CHEBI_5898,http://purl.obolibrary.org/obo/PR_000006116
http://dbmi-icode-01.dbmi.pitt.edu/mp/ddi-spl-annotation-claim-328,inhibits,http://purl.obolibrary.org/obo/CHEBI_5898,http://purl.obolibrary.org/obo/PR_000006122
http://dbmi-icode-01.dbmi.pitt.edu/mp/ddi-spl-annotation-claim-329,inhibits,http://purl.obolibrary.org/obo/CHEBI_3732,http://purl.obolibrary.org/obo/PR_000006130
http://dbmi-icode-01.dbmi.pitt.edu/mp/ddi-spl-annotation-claim-330,inhibits,http://purl.obolibrary.org/obo/CHEBI_3732,http://purl.obolibrary.org/obo/PR_000006132
http://dbmi-icode-01.dbmi.pitt.edu/mp/ddi-spl-annotation-claim-331,inhibits,http://purl.obolibrary.org/obo/CHEBI_82978,http://purl.obolibrary.org/obo/PR_000006114
http://dbmi-icode-01.dbmi.pitt.edu/mp/ddi-spl-annotation-claim-332,inhibits,http://purl.obolibrary.org/obo/CHEBI_6992,http://purl.obolibrary.org/obo/PR_000006121
http://dbmi-icode-01.dbmi.pitt.edu/mp/ddi-spl-annotation-claim-333,inhibits,http://purl.obolibrary.org/obo/CHEBI_6992,http://purl.obolibrary.org/obo/PR_000006114
http://dbmi-icode-01.dbmi.pitt.edu/mp/ddi-spl-annotation-claim-334,inhibits,http://purl.obolibrary.org/obo/CHEBI_36795,http://purl.obolibrary.org/obo/PR_000006121
http://dbmi-icode-01.dbmi.pitt.edu/mp/ddi-spl-annotation-claim-335,inhibits,http://purl.obolibrary.org/obo/CHEBI_82978,http://purl.obolibrary.org/obo/PR_000006122
http://dbmi-icode-01.dbmi.pitt.edu/mp/ddi-spl-annotation-claim-336,inhibits,http://purl.obolibrary.org/obo/CHEBI_10119,http://purl.obolibrary.org/obo/PR_000006118
http://dbmi-icode-01.dbmi.pitt.edu/mp/ddi-spl-annotation-claim-337,inhibits,http://purl.obolibrary.org/obo/CHEBI_37924,http://purl.obolibrary.org/obo/PR_000006120
http://dbmi-icode-01.dbmi.pitt.edu/mp/ddi-spl-annotation-claim-338,inhibits,http://purl.obolibrary.org/obo/CHEBI_10119,http://purl.obolibrary.org/obo/PR_000006130
http://dbmi-icode-01.dbmi.pitt.edu/mp/ddi-spl-annotation-claim-339,inhibits,http://purl.obolibrary.org/obo/CHEBI_48390,http://purl.obolibrary.org/obo/PR_000006102
http://dbmi-icode-01.dbmi.pitt.edu/mp/ddi-spl-annotation-claim-340,inhibits,http://purl.obolibrary.org/obo/CHEBI_50122,http://purl.obolibrary.org/obo/PR_000006116
http://dbmi-icode-01.dbmi.pitt.edu/mp/ddi-spl-annotation-claim-341,inhibits,http://purl.obolibrary.org/obo/CHEBI_3723,http://purl.obolibrary.org/obo/PR_000006130
http://dbmi-icode-01.dbmi.pitt.edu/mp/ddi-spl-annotation-claim-342,inhibits,http://purl.obolibrary.org/obo/CHEBI_36791,http://purl.obolibrary.org/obo/PR_000006121
http://dbmi-icode-01.dbmi.pitt.edu/mp/ddi-spl-annotation-claim-343,inhibits,http://purl.obolibrary.org/obo/CHEBI_63631,http://purl.obolibrary.org/obo/PR_000006118
http://dbmi-icode-01.dbmi.pitt.edu/mp/ddi-spl-annotation-claim-344,inhibits,http://purl.obolibrary.org/obo/CHEBI_50122,http://purl.obolibrary.org/obo/PR_000006130
http://dbmi-icode-01.dbmi.pitt.edu/mp/ddi-spl-annotation-claim-345,inhibits,http://purl.obolibrary.org/obo/CHEBI_50122,http://purl.obolibrary.org/obo/PR_000006119
http://dbmi-icode-01.dbmi.pitt.edu/mp/ddi-spl-annotation-claim-346,inhibits,http://purl.obolibrary.org/obo/CHEBI_5123,http://purl.obolibrary.org/obo/PR_000006118
http://dbmi-icode-01.dbmi.pitt.edu/mp/ddi-spl-annotation-claim-347,inhibits,http://purl.obolibrary.org/obo/CHEBI_3219,http://purl.obolibrary.org/obo/PR_000006121
http://dbmi-icode-01.dbmi.pitt.edu/mp/ddi-spl-annotation-claim-348,inhibits,http://purl.obolibrary.org/obo/CHEBI_53760,http://purl.obolibrary.org/obo/PR_000006120
http://dbmi-icode-01.dbmi.pitt.edu/mp/ddi-spl-annotation-claim-349,inhibits,http://purl.obolibrary.org/obo/CHEBI_36792,http://purl.obolibrary.org/obo/PR_000006118
http://dbmi-icode-01.dbmi.pitt.edu/mp/ddi-spl-annotation-claim-350,inhibits,http://purl.obolibrary.org/obo/CHEBI_5296,http://purl.obolibrary.org/obo/PR_000006119
http://dbmi-icode-01.dbmi.pitt.edu/mp/ddi-spl-annotation-claim-351,inhibits,http://purl.obolibrary.org/obo/CHEBI_48390,http://purl.obolibrary.org/obo/PR_000006120
http://dbmi-icode-01.dbmi.pitt.edu/mp/ddi-spl-annotation-claim-352,inhibits,http://purl.obolibrary.org/obo/CHEBI_6950,http://purl.obolibrary.org/obo/PR_000006122
http://dbmi-icode-01.dbmi.pitt.edu/mp/ddi-spl-annotation-claim-353,inhibits,http://purl.obolibrary.org/obo/CHEBI_31236,http://purl.obolibrary.org/obo/PR_000006130
http://dbmi-icode-01.dbmi.pitt.edu/mp/ddi-spl-annotation-claim-354,inhibits,http://purl.obolibrary.org/obo/CHEBI_5138,http://purl.obolibrary.org/obo/PR_000006120
http://dbmi-icode-01.dbmi.pitt.edu/mp/ddi-spl-annotation-claim-355,inhibits,http://purl.obolibrary.org/obo/CHEBI_50122,http://purl.obolibrary.org/obo/PR_000006122
http://dbmi-icode-01.dbmi.pitt.edu/mp/ddi-spl-annotation-claim-356,inhibits,http://purl.obolibrary.org/obo/CHEBI_7915,http://purl.obolibrary.org/obo/PR_000006121
http://dbmi-icode-01.dbmi.pitt.edu/mp/ddi-spl-annotation-claim-357,inhibits,http://purl.obolibrary.org/obo/CHEBI_9571,http://purl.obolibrary.org/obo/PR_000006118
http://dbmi-icode-01.dbmi.pitt.edu/mp/ddi-spl-annotation-claim-358,inhibits,http://purl.obolibrary.org/obo/CHEBI_36791,http://purl.obolibrary.org/obo/PR_000006102
http://dbmi-icode-01.dbmi.pitt.edu/mp/ddi-spl-annotation-claim-359,inhibits,http://purl.obolibrary.org/obo/CHEBI_7494,http://purl.obolibrary.org/obo/PR_000006132
http://dbmi-icode-01.dbmi.pitt.edu/mp/ddi-spl-annotation-claim-360,inhibits,http://purl.obolibrary.org/obo/CHEBI_9943,http://purl.obolibrary.org/obo/PR_000006130
http://dbmi-icode-01.dbmi.pitt.edu/mp/ddi-spl-annotation-claim-361,inhibits,http://purl.obolibrary.org/obo/CHEBI_8707,http://purl.obolibrary.org/obo/PR_000006118
http://dbmi-icode-01.dbmi.pitt.edu/mp/ddi-spl-annotation-claim-362,inhibits,http://purl.obolibrary.org/obo/CHEBI_36792,http://purl.obolibrary.org/obo/PR_000006130
http://dbmi-icode-01.dbmi.pitt.edu/mp/ddi-spl-annotation-claim-363,inhibits,http://purl.obolibrary.org/obo/CHEBI_63618,http://purl.obolibrary.org/obo/PR_000006119
http://dbmi-icode-01.dbmi.pitt.edu/mp/ddi-spl-annotation-claim-364,inhibits,http://purl.obolibrary.org/obo/CHEBI_36792,http://purl.obolibrary.org/obo/PR_000006120
http://dbmi-icode-01.dbmi.pitt.edu/mp/ddi-spl-annotation-claim-365,inhibits,http://purl.obolibrary.org/obo/CHEBI_50122,http://purl.obolibrary.org/obo/PR_000006121
http://dbmi-icode-01.dbmi.pitt.edu/mp/ddi-spl-annotation-claim-366,inhibits,http://purl.obolibrary.org/obo/CHEBI_29688,http://purl.obolibrary.org/obo/PR_000006130
http://dbmi-icode-01.dbmi.pitt.edu/mp/ddi-spl-annotation-claim-367,inhibits,http://purl.obolibrary.org/obo/CHEBI_2910,http://purl.obolibrary.org/obo/PR_000006130
http://dbmi-icode-01.dbmi.pitt.edu/mp/ddi-spl-annotation-claim-368,inhibits,http://purl.obolibrary.org/obo/CHEBI_6992,http://purl.obolibrary.org/obo/PR_000006119
http://dbmi-icode-01.dbmi.pitt.edu/mp/ddi-spl-annotation-claim-369,inhibits,http://purl.obolibrary.org/obo/CHEBI_28593,http://purl.obolibrary.org/obo/PR_000006121
http://dbmi-icode-01.dbmi.pitt.edu/mp/ddi-spl-annotation-claim-370,inhibits,http://purl.obolibrary.org/obo/CHEBI_6950,http://purl.obolibrary.org/obo/PR_000006118
http://dbmi-icode-01.dbmi.pitt.edu/mp/ddi-spl-annotation-claim-371,inhibits,http://purl.obolibrary.org/obo/CHEBI_63631,http://purl.obolibrary.org/obo/PR_000006130
http://dbmi-icode-01.dbmi.pitt.edu/mp/ddi-spl-annotation-claim-372,inhibits,http://purl.obolibrary.org/obo/CHEBI_63631,http://purl.obolibrary.org/obo/PR_000006132
http://dbmi-icode-01.dbmi.pitt.edu/mp/ddi-spl-annotation-claim-373,inhibits,http://purl.obolibrary.org/obo/CHEBI_53760,http://purl.obolibrary.org/obo/PR_000006102
http://dbmi-icode-01.dbmi.pitt.edu/mp/ddi-spl-annotation-claim-374,inhibits,http://purl.obolibrary.org/obo/CHEBI_5138,http://purl.obolibrary.org/obo/PR_000006102
http://dbmi-icode-01.dbmi.pitt.edu/mp/ddi-spl-annotation-claim-375,inhibits,http://purl.obolibrary.org/obo/CHEBI_38545,http://purl.obolibrary.org/obo/PR_000006119
http://dbmi-icode-01.dbmi.pitt.edu/mp/ddi-spl-annotation-claim-376,inhibits,http://purl.obolibrary.org/obo/CHEBI_48390,http://purl.obolibrary.org/obo/PR_000006121
http://dbmi-icode-01.dbmi.pitt.edu/mp/ddi-spl-annotation-claim-377,inhibits,http://purl.obolibrary.org/obo/CHEBI_3699,http://purl.obolibrary.org/obo/PR_000006102
http://dbmi-icode-01.dbmi.pitt.edu/mp/ddi-spl-annotation-claim-378,inhibits,http://purl.obolibrary.org/obo/CHEBI_127342,http://purl.obolibrary.org/obo/PR_000006121
http://dbmi-icode-01.dbmi.pitt.edu/mp/ddi-spl-annotation-claim-379,inhibits,http://purl.obolibrary.org/obo/CHEBI_5898,http://purl.obolibrary.org/obo/PR_000006120
http://dbmi-icode-01.dbmi.pitt.edu/mp/ddi-spl-annotation-claim-380,inhibits,http://purl.obolibrary.org/obo/CHEBI_9943,http://purl.obolibrary.org/obo/PR_000006121
http://dbmi-icode-01.dbmi.pitt.edu/mp/ddi-spl-annotation-claim-381,inhibits,http://purl.obolibrary.org/obo/CHEBI_127342,http://purl.obolibrary.org/obo/PR_000006120
http://dbmi-icode-01.dbmi.pitt.edu/mp/ddi-spl-annotation-claim-382,inhibits,http://purl.obolibrary.org/obo/CHEBI_3699,http://purl.obolibrary.org/obo/PR_000006132
http://dbmi-icode-01.dbmi.pitt.edu/mp/ddi-spl-annotation-claim-383,inhibits,http://purl.obolibrary.org/obo/CHEBI_3699,http://purl.obolibrary.org/obo/PR_000006130
http://dbmi-icode-01.dbmi.pitt.edu/mp/ddi-spl-annotation-claim-384,inhibits,http://purl.obolibrary.org/obo/CHEBI_37924,http://purl.obolibrary.org/obo/PR_000006102
http://dbmi-icode-01.dbmi.pitt.edu/mp/ddi-spl-annotation-claim-385,inhibits,http://purl.obolibrary.org/obo/CHEBI_6375,http://purl.obolibrary.org/obo/PR_000006130
http://dbmi-icode-01.dbmi.pitt.edu/mp/ddi-spl-annotation-claim-386,inhibits,http://purl.obolibrary.org/obo/CHEBI_63631,http://purl.obolibrary.org/obo/PR_000006114
http://dbmi-icode-01.dbmi.pitt.edu/mp/ddi-spl-annotation-claim-387,inhibits,http://purl.obolibrary.org/obo/CHEBI_6992,http://purl.obolibrary.org/obo/PR_000006120
http://dbmi-icode-01.dbmi.pitt.edu/mp/ddi-spl-annotation-claim-388,inhibits,http://purl.obolibrary.org/obo/CHEBI_53760,http://purl.obolibrary.org/obo/PR_000006118
http://dbmi-icode-01.dbmi.pitt.edu/mp/ddi-spl-annotation-claim-389,inhibits,http://purl.obolibrary.org/obo/CHEBI_10023,http://purl.obolibrary.org/obo/PR_000006118
http://dbmi-icode-01.dbmi.pitt.edu/mp/ddi-spl-annotation-claim-390,inhibits,http://purl.obolibrary.org/obo/CHEBI_31236,http://purl.obolibrary.org/obo/PR_000006120
http://dbmi-icode-01.dbmi.pitt.edu/mp/ddi-spl-annotation-claim-391,inhibits,http://purl.obolibrary.org/obo/CHEBI_29688,http://purl.obolibrary.org/obo/PR_000006132
http://dbmi-icode-01.dbmi.pitt.edu/mp/ddi-spl-annotation-claim-392,inhibits,http://purl.obolibrary.org/obo/CHEBI_87681,http://purl.obolibrary.org/obo/PR_000006132
http://dbmi-icode-01.dbmi.pitt.edu/mp/ddi-spl-annotation-claim-393,inhibits,http://purl.obolibrary.org/obo/CHEBI_87681,http://purl.obolibrary.org/obo/PR_000006130
http://dbmi-icode-01.dbmi.pitt.edu/mp/ddi-spl-annotation-claim-394,inhibits,http://purl.obolibrary.org/obo/CHEBI_6916,http://purl.obolibrary.org/obo/PR_000006102
http://dbmi-icode-01.dbmi.pitt.edu/mp/ddi-spl-annotation-claim-395,inhibits,http://purl.obolibrary.org/obo/CHEBI_6076,http://purl.obolibrary.org/obo/PR_000006130
http://dbmi-icode-01.dbmi.pitt.edu/mp/ddi-spl-annotation-claim-396,inhibits,http://purl.obolibrary.org/obo/CHEBI_37924,http://purl.obolibrary.org/obo/PR_000006116
http://dbmi-icode-01.dbmi.pitt.edu/mp/ddi-spl-annotation-claim-397,inhibits,http://purl.obolibrary.org/obo/CHEBI_36791,http://purl.obolibrary.org/obo/PR_000006130
http://dbmi-icode-01.dbmi.pitt.edu/mp/ddi-spl-annotation-claim-398,inhibits,http://purl.obolibrary.org/obo/CHEBI_7772,http://purl.obolibrary.org/obo/PR_000006118
http://dbmi-icode-01.dbmi.pitt.edu/mp/ddi-spl-annotation-claim-399,inhibits,http://purl.obolibrary.org/obo/CHEBI_7494,http://purl.obolibrary.org/obo/PR_000006130
http://dbmi-icode-01.dbmi.pitt.edu/mp/ddi-spl-annotation-claim-400,inhibits,http://purl.obolibrary.org/obo/CHEBI_50122,http://purl.obolibrary.org/obo/PR_000006120
http://dbmi-icode-01.dbmi.pitt.edu/mp/ddi-spl-annotation-claim-401,inhibits,http://purl.obolibrary.org/obo/CHEBI_9448,http://purl.obolibrary.org/obo/PR_000006121
http://dbmi-icode-01.dbmi.pitt.edu/mp/ddi-spl-annotation-claim-402,inhibits,http://purl.obolibrary.org/obo/CHEBI_6992,http://purl.obolibrary.org/obo/PR_000006102
http://dbmi-icode-01.dbmi.pitt.edu/mp/ddi-spl-annotation-claim-403,inhibits,http://purl.obolibrary.org/obo/CHEBI_36791,http://purl.obolibrary.org/obo/PR_000006122
http://dbmi-icode-01.dbmi.pitt.edu/mp/ddi-spl-annotation-claim-404,inhibits,http://purl.obolibrary.org/obo/CHEBI_7936,http://purl.obolibrary.org/obo/PR_000006121
http://dbmi-icode-01.dbmi.pitt.edu/mp/ddi-spl-annotation-claim-405,inhibits,http://purl.obolibrary.org/obo/CHEBI_6950,http://purl.obolibrary.org/obo/PR_000006102
http://dbmi-icode-01.dbmi.pitt.edu/mp/ddi-spl-annotation-claim-406,inhibits,http://purl.obolibrary.org/obo/CHEBI_3647,http://purl.obolibrary.org/obo/PR_000006118
http://dbmi-icode-01.dbmi.pitt.edu/mp/ddi-spl-annotation-claim-407,inhibits,http://purl.obolibrary.org/obo/CHEBI_5898,http://purl.obolibrary.org/obo/PR_000006102
http://dbmi-icode-01.dbmi.pitt.edu/mp/ddi-spl-annotation-claim-408,inhibits,http://purl.obolibrary.org/obo/CHEBI_9566,http://purl.obolibrary.org/obo/PR_000006118
http://dbmi-icode-01.dbmi.pitt.edu/mp/ddi-spl-annotation-claim-409,inhibits,http://purl.obolibrary.org/obo/CHEBI_2663,http://purl.obolibrary.org/obo/PR_000006102
http://dbmi-icode-01.dbmi.pitt.edu/mp/ddi-spl-annotation-claim-410,inhibits,http://purl.obolibrary.org/obo/CHEBI_9150,http://purl.obolibrary.org/obo/PR_000006130
